station_id,A,B,c,breakpoint,Elv,Lat,Lon,distance_to_coast,int_scale,min_K,max_K
003_BL_Ar,11.521804042682264,0.0065773514421224,0.8151365293496291,0.0096103985767023,1642,46.49998395,11.87607301,113.6647,2.9112983813980593,5.7220458984375e-06,6.0
009_BL_Ca,11.244834172079509,0.0063262330793763,0.8019480054097177,0.0090416802772999,1007,46.44043805,11.99004162,104.2038,3.1365099385336643,5.7220458984375e-06,6.0
011_BL_Ma,14.609241824170786,0.0043763331057055,0.8004143517839295,0.013772157072424,1475,46.42867129,11.90478762,105.5309,3.2391425317891898,5.7220458984375e-06,6.0
015_BL_Ga,14.687434440704608,0.005966720000048,0.8585393807226083,0.0100543415681894,1365,46.3131289,11.88273666,94.8058,4.162354715077775,5.7220458984375e-06,6.0
019_BL_Ag,18.98798517775024,0.0039265005644865,0.8427397689410242,0.0130439302636944,585,46.27804651,12.03319083,86.2206,5.006361214025773,5.7220458984375e-06,6.0
022_BL_Sa,10.99330206041906,0.0083302422115054,0.8489890499717726,0.0102813038639413,544,46.04834616,12.15448034,59.0755,3.098425357219929,5.7220458984375e-06,6.0
025_BL_So,8.855168618222713,0.0079172443582473,0.7822446344869655,0.0134499537356954,426,46.14063559,12.07539462,70.95639999999999,2.571331898458406,5.7220458984375e-06,6.0
048_BL_Po,11.313524668466036,0.0081651716313641,0.8527098852668125,0.0045230121366645,1316,46.59362172,12.11232905,117.6492,3.5800244684493316,5.7220458984375e-06,6.0
056_BL_Fo,13.118056194140369,0.0082994107715123,0.8978020050445725,0.0070353306989766,872,46.34666725,12.1845653,89.7095,4.3196171968808255,5.7220458984375e-06,6.0
058_BL_Sa,10.381375312211352,0.0062925733786607,0.7814219234152974,0.0169188021994783,902,46.55719592,12.55254488,98.0267,2.5366679250551503,5.7220458984375e-06,6.0
059_BL_Do,6.66024883817178,0.0154895309764131,0.8371223896523347,2.730865002456118e-05,822,46.46094955,12.41035969,94.6068,2.3177831736856924,5.7220458984375e-06,6.0
076_VI_Tu,16.50783938730512,0.0057706450211247,0.882370593250423,0.0105919508177217,714,45.70401092,11.18480016,82.7204,4.952253063930049,5.7220458984375e-06,6.0
091_BL_Pa,17.780078613307868,0.002152719549706,0.7356282314235288,0.0182860732531023,1621,46.65215334,12.42397152,111.9813,3.499145045348623,5.7220458984375e-06,6.0
093_BL_To,13.571672370378575,0.0020827020003276,0.6806314969517825,0.0350542987777272,593,46.15155195,12.36301566,65.2115,2.414179836422567,5.7220458984375e-06,6.0
096_RO_Ba,2.476021265957538,0.0660204589244706,0.8525499548491906,0.0020467067727611,6,44.98944662,11.52950565,57.6021,0.942164261148533,5.7220458984375e-06,6.0
101_RO_Po,2.711783336993692,0.0544117897676706,0.8341177756339815,0.000120007678862,-3,44.9173386,12.36910037,4.560899999999999,0.9681898776955705,5.7220458984375e-06,6.0
104_VR_Vi,3.510735129036864,0.0248950705760822,0.7389162014160399,0.0642191931985819,67,45.3724202,10.83262812,102.6398,0.9982195115823866,5.7220458984375e-06,6.0
105_VI_Lo,3.6465734208106495,0.0205953606562873,0.7136586055615126,0.0650173680649737,29,45.39045584,11.37964132,59.773300000000006,0.9450721772036076,5.7220458984375e-06,6.0
112_RO_Ro,2.608547058043828,0.0627508754771358,0.8602705262619312,0.0336833476999087,-2,45.07114136,12.26177816,2.5791,0.9541543487179038,5.7220458984375e-06,6.0
114_RO_Vi,3.743586861896614,0.0233051751273522,0.745783071322912,0.0608331660809208,0,45.07144877,11.92220596,27.0152,1.0144777176979665,5.7220458984375e-06,6.0
115_RO_Ad,3.252863867325296,0.0349755840391227,0.7883948558939333,0.0323747441660349,-1,45.01567605,12.0076803,23.5165,0.976218227984117,5.7220458984375e-06,6.0
116_RO_Fr,3.3016583215820323,0.0254632418786713,0.7239628303925013,0.0733716337285785,4,44.99058314,11.6786399,47.88,0.8730464468740889,5.7220458984375e-06,6.0
117_VR_So,3.3215371519601167,0.0361397455670019,0.80405601709755,0.0336002265344109,24,45.21753966,11.00830055,89.7255,1.0217464303815678,5.7220458984375e-06,6.0
118_VR_Ba,4.163485753777933,0.0148820731352907,0.6939207972359721,0.0636879913679478,160,45.51796066,10.7659099,108.6995,1.0347548857548337,5.7220458984375e-06,6.0
120_VR_Do,4.84462268575536,0.013292656281463,0.7157348914543865,0.0163234274976011,105,45.59957097,10.84874997,103.8928,1.230659631164045,5.7220458984375e-06,6.0
123_VR_Ar,2.931538117594499,0.0394924046960216,0.7797736569776431,0.0313236270893229,27,45.37550277,11.29582046,66.3564,0.9126291074084019,5.7220458984375e-06,6.0
125_VR_Sa,3.587427772090154,0.0210835904626456,0.7131451675608863,0.0336657016087781,127,45.50931262,10.88807026,99.1084,0.9546966789823811,5.7220458984375e-06,6.0
126_VR_Il,3.601932555884235,0.0273949747314618,0.767508602372588,0.0326997727452794,144,45.46030398,11.17156147,76.46010000000001,1.112041684408059,5.7220458984375e-06,6.0
127_VR_Bu,3.0438330476857143,0.0335487007784934,0.7551621542771801,0.0318628616222016,39,45.35084342,11.01059728,88.6592,0.8922648546430191,5.7220458984375e-06,6.0
128_VR_Gr,2.996288781354222,0.0340380322054879,0.7529155726506929,0.0341835633383942,156,45.50976063,11.0135023,89.40610000000001,0.8963529357511393,5.7220458984375e-06,6.0
129_VR_Ca,3.660387775359428,0.0212992556019899,0.7211270258428981,0.0169336179607742,120,45.45487236,10.77166288,107.5925,1.0291453907700012,5.7220458984375e-06,6.0
134_VI_Ma,5.485103695732184,0.0167955043731313,0.7955576047531895,0.0162049626339362,98,45.66931288,11.46439144,61.6152,1.6287605655523787,5.7220458984375e-06,6.0
135_VI_Ri,14.706906486306094,0.0075744359200477,0.909870838820984,0.0038092192621445,1130,45.71889138,11.18131677,83.6742,5.300352916500574,5.7220458984375e-06,6.0
137_VI_Va,14.574606740009234,0.0061409027577601,0.8622957020945143,0.0045076718741623,602,45.75778254,11.21365428,83.4436,4.557779968253641,5.7220458984375e-06,6.0
139_VI_Lu,5.71585220523822,0.0166196844221202,0.8058081827210108,0.008238955658539,767,45.78414598,11.58812049,61.8567,1.9929102860139232,5.7220458984375e-06,6.0
140_VI_Pa,8.303250182987522,0.0118082838765736,0.8433893029191,0.0083714305862584,807,45.6198264,11.25910319,73.7736,2.968364426467613,5.7220458984375e-06,6.0
144_VI_Ro,3.6902388540575712,0.030897499830923,0.8035268810877133,0.0079974389189471,88,45.71658505,11.77625641,45.945800000000006,1.283796280524897,5.7220458984375e-06,6.0
145_VI_Ba,3.824949117814882,0.0239775941181775,0.7584813884507796,0.0161191141674468,16,45.39775173,11.57053751,44.8363,1.2191272381060494,5.7220458984375e-06,6.0
147_VI_Br,5.278977033110928,0.0146875342559594,0.7575143033321572,0.0088210424869136,196,45.72042777,11.57629665,57.737300000000005,1.4992837369575973,5.7220458984375e-06,6.0
148_VI_Br,4.718424490497799,0.0218236189221573,0.8055084816646494,0.0001126041520702,80,45.472092,11.46922467,53.5669,1.6681110672182835,5.7220458984375e-06,6.0
149_VI_Mo,4.170242455239474,0.0187522371422228,0.735808369136378,0.0170329994138621,22,45.44957583,11.66198536,38.2854,1.2122244966293907,5.7220458984375e-06,6.0
159_VE_Po,3.71114435472589,0.0331590458313125,0.8230647905301548,0.0165553444364793,2,45.74548888,12.76128681,15.0697,1.2761377112266947,5.7220458984375e-06,6.0
163_VE_No,3.2143746303879883,0.0436843155405829,0.8416106759710391,0.0085030895609472,1,45.66841156,12.58851069,10.3197,1.2572995454733196,5.7220458984375e-06,6.0
165_VE_Fo,3.959125047133864,0.0287913428134485,0.8111753940940964,0.0161411553459304,3,45.77566742,12.89394125,13.0557,1.2901913464795385,5.7220458984375e-06,6.0
166_VE_Lu,3.6168888753701594,0.0332884221569044,0.814666904801789,0.0174577574587746,0,45.70491156,12.94668823,5.873399999999999,1.2651988932752611,5.7220458984375e-06,6.0
167_VE_Mi,2.909295106755418,0.0480709695655899,0.8280720585982624,0.0171188901659869,3,45.43934709,12.1169216,5.9963,1.0102638782272444,5.7220458984375e-06,6.0
168_VE_Ch,2.7844939365688184,0.0585638156204937,0.8678660956789003,0.0180509186248349,0,45.14632401,12.27596996,2.9438,1.0204226291071794,5.7220458984375e-06,6.0
169_PD_Ag,2.994205799428079,0.0444842610849962,0.8183600278965708,0.0631838106690688,1,45.15926189,11.95775646,19.0356,0.9505536223650304,5.7220458984375e-06,6.0
170_PD_Te,3.5459159678572654,0.0309169798157863,0.7896595087414342,0.0156705106342439,155,45.34272761,11.67713457,36.4199,1.273994462317535,5.7220458984375e-06,6.0
175_PD_Co,2.893568108564996,0.0469827367222672,0.8195550863989794,0.0304884651894032,0,45.24367259,12.09970856,4.6669,1.0036499825499339,5.7220458984375e-06,6.0
179_PD_Ca,4.15023006646868,0.0203059703586407,0.7499160158063777,0.0590429433579306,16,45.49551578,11.91336346,21.654400000000003,1.1177303508994034,5.7220458984375e-06,6.0
183_TV_Vo,3.7601049489046505,0.0299201310171219,0.8023943528780237,0.009040035192046,122,45.78502414,12.11304779,36.0425,1.3092844217347896,5.7220458984375e-06,6.0
184_TV_Ze,3.225564269685395,0.0340405444678249,0.7789197232026976,0.016420946428449,12,45.59066694,12.1748348,14.694,1.0314711562321404,5.7220458984375e-06,6.0
185_TV_Va,3.269534740695937,0.043888004977102,0.8497676513264981,0.0040491581793617,40,45.81168647,12.34189762,29.2203,1.3187699356180937,5.7220458984375e-06,6.0
186_TV_Ga,4.15295136530322,0.0231725660749576,0.7775698210693568,0.0078831695217948,17,45.89217558,12.49348723,35.0215,1.4339168513979264,5.7220458984375e-06,6.0
187_TV_Ro,3.118997252390979,0.0442609171983119,0.8332093481579047,0.0081343426580494,7,45.64140487,12.39588815,10.2451,1.1831951557398932,5.7220458984375e-06,6.0
188_TV_Vi,3.804896213222861,0.0272180115589851,0.7844134682742777,0.0088389255987064,41,45.74894328,12.23496228,27.3815,1.3136809917313912,5.7220458984375e-06,6.0
189_TV_Va,5.288884572031496,0.019329241759002,0.8147966319856867,0.0081288768699059,225,45.88205751,12.0070972,49.569300000000005,1.951299794870392,5.7220458984375e-06,6.0
190_VI_Br,10.388130465670695,0.0088440782106119,0.8457952712248757,0.007383204218814,331,45.80132477,11.34330714,77.5676,3.3915747905960485,5.7220458984375e-06,6.0
191_VI_Mo,12.697315919075736,0.008375971632438,0.8905017469442469,0.0047739593379238,623,45.83331375,11.25603835,85.1496,4.565190345240787,5.7220458984375e-06,6.0
195_TV_Fa,4.526033155757177,0.0216528287663774,0.7903721801887451,0.0043082233684501,169,45.9021246,12.10445916,47.0016,1.8289001654846306,5.7220458984375e-06,6.0
196_TV_Od,4.150597340747791,0.0226749796174449,0.7727231946552306,0.0089741487033277,7,45.76569434,12.52427035,20.7827,1.3404230885848936,5.7220458984375e-06,6.0
197_TV_Ma,3.116179164027819,0.0424806828816078,0.8216781161977534,0.000119023939556,100,45.77892133,11.94236996,41.8915,1.2173845929383122,5.7220458984375e-06,6.0
199_BL_Lo,9.261497049256064,0.0094857764108667,0.8285040883918027,0.0079910790162221,435,46.26152058,12.30351169,78.17280000000001,2.6451160602614294,5.7220458984375e-06,6.0
200_BL_La,8.223972631345411,0.0096363444460435,0.7993216595815256,0.0040575418528675,650,46.04985912,11.74647606,75.4411,2.614051726421297,5.7220458984375e-06,6.0
203_BL_Pa,12.842197492588816,0.0051660435935937,0.798519143232404,0.0097176739113806,2042,46.33914263,11.80160227,100.4307,3.418254778571102,5.7220458984375e-06,6.0
216_BL_Ca,11.68665624557295,0.0097933306281406,0.902115243511554,0.0091717446100036,1022,46.07747932,12.41476528,56.3299,3.892704705423247,5.7220458984375e-06,6.0
236_BL_Sa,6.697203164860631,0.013779041428075,0.8133854218914964,0.004369127698553,828,46.18043287,12.39682227,67.8353,2.1834247299714775,5.7220458984375e-06,6.0
237_BL_Co,9.982305308766982,0.0083502795242591,0.8234082616978053,0.004116376823958,1271,46.53668964,12.12739699,111.241,3.1481767163645653,5.7220458984375e-06,6.0
246_BL_Co,7.585794713905081,0.011791540097451,0.8170392852914788,0.0072996557813161,1232,46.57877599,12.57556615,99.3964,2.4777122664321736,5.7220458984375e-06,6.0
247_BL_Ca,8.161240288861652,0.00862945032821,0.7768309593388966,0.0089503121284817,1342,46.59389393,12.51561664,102.9497,2.1113005443346196,5.7220458984375e-06,6.0
