station,n_valid_years,zero_crossing_exists,tau0,gamma_acf,mean_annual_mean,slope_mean,pvalue_mean,r2_mean,cv_mean,relative_drift_mean,mean_stable,mean_annual_variance,slope_variance,pvalue_variance,r2_variance,cv_variance,relative_drift_variance,variance_stable,mean_annual_gamma,slope_gamma,pvalue_gamma,r2_gamma,cv_gamma,relative_drift_gamma,gamma_stable,second_order_stable,status
003_BL_Ar,39,True,130.33333333333331,2.9112983813980593,-4.744982800657532e-07,8.47990833054167e-05,0.004595326495348621,0.19746849220240198,4585.421743695166,6791.099780507735,False,0.07894742469288973,0.0019020634304705347,3.082873008059323e-05,0.3784131784932548,0.4465556390973632,0.9155258786343914,False,2.7497834670464947,-0.013522431220852654,0.4157790170541485,0.017977248697366683,0.4181829747114306,0.18687012724835483,True,False,unstable
009_BL_Ca,38,True,206.16666666666666,3.136509938533665,-5.18753656579871e-07,5.4281169107880494e-05,0.08312503616260049,0.08108971891216787,4083.556823396191,3871.593446170438,False,0.09628835215932798,0.0007218715477012848,0.22651475850871364,0.04035734915615003,0.4147232019093909,0.2773881436952192,False,2.908838338710812,-0.007666603406389594,0.7365654270539109,0.003182438765619506,0.5192026052013085,0.09751807869877503,True,False,unstable
011_BL_Ma,37,True,129.83333333333331,3.23914253178919,-9.072449938902702e-07,7.269412193535678e-05,0.05248732822632535,0.10323782567799296,2699.3383657824156,2884.5443152584257,False,0.08797275568674441,0.001815255448338059,0.010979803668635142,0.17091541794732232,0.5402577050352654,0.7428344790387967,False,3.1236342703944877,-0.02814244753033954,0.19749105756366778,0.046992210933818876,0.44987388585484434,0.3243427441856931,False,False,unstable
015_BL_Ga,38,True,209.33333333333331,4.162354715077775,-7.697682566621365e-07,7.135585925549981e-05,0.09333424068765564,0.07624281504555604,3730.814531014548,3429.8202992960046,False,0.0909279793203513,0.0015228111308476192,0.010986317584052111,0.16650449168024087,0.4561093809637131,0.6196553828921515,False,3.8275321442977828,-0.027411602822334905,0.31306948752038966,0.02825639645024103,0.47346804696600725,0.2649825700190081,False,False,unstable
019_BL_Ag,35,True,299.25,5.006361214025775,-6.936114343618448e-07,6.301630674195505e-05,0.3067705975924647,0.031623396580447244,5235.125469208591,3088.983720687538,False,0.14929484392034295,0.001649991120860191,0.12860877199403964,0.06857348455792919,0.4324673630918797,0.3757644714051798,False,4.1270079403843045,-0.023883111945371537,0.6335454646056854,0.006968056987826172,0.7103860301978727,0.19675896384803584,True,False,unstable
022_BL_Sa,34,True,126.33333333333333,3.098425357219929,5.3556946169375406e-05,0.0001713405507741118,0.018262393695670745,0.16204200236350375,79.14316430204076,105.57432004550813,False,0.28537744341291194,0.0032935114852632786,0.07832748391933685,0.09368132917733489,0.37548783813074005,0.38084957841755857,False,2.8942650697968095,0.0036257768443029837,0.8700441622529839,0.0008492373775789744,0.4280860494603282,0.04134059354501296,True,False,unstable
025_BL_So,38,True,196.25,2.571331898458406,-9.51276066375552e-07,9.2613778813221e-05,0.0675320766587692,0.08982773635841294,3609.9175706733595,3602.2243565374793,False,0.24289978319850403,0.0019763067361859552,0.06656872623656236,0.09043381406741086,0.30067358699938485,0.3010432873837604,False,2.4001166012015207,-0.017689687106163088,0.26446264268500747,0.0344644890050113,0.4411998613192556,0.27270276060770393,False,False,unstable
048_BL_Po,33,True,182.41666666666666,3.5800244684493316,-9.97653409244118e-07,8.267406857351818e-05,0.04482231245938735,0.12360290416200849,2279.1929227570035,2651.7928669807525,False,0.09043225402956218,0.002712372132423536,0.006956749897253352,0.21235927036789481,0.6293556147403967,0.9597892828058857,False,3.5349920443187477,-0.026683545428194174,0.4572059261043431,0.01795611993467209,0.5446965812831509,0.24154890392879777,False,False,unstable
056_BL_Fo,37,True,221.25,4.3196171968808255,-2.059638965234563e-06,9.972770349312275e-05,0.04843970639152154,0.10672573019706208,1604.3244003798493,1743.1197342605858,False,0.11238654065108128,0.0014331709109214612,0.06155158330694119,0.09632322928442393,0.44475434694705684,0.45907768398489457,False,3.8332941168846584,-0.011519266080536394,0.7185670422067223,0.003756855973863793,0.5306918667694793,0.10818204036906362,True,False,unstable
058_BL_Sa,36,True,130.0,2.5366679250551503,4.397133269403983e-06,8.623011513676008e-05,0.013523734706477155,0.1664040690648456,506.48764506751894,686.368559894863,False,0.13842931930989835,0.002198322473445305,0.049548081288257106,0.10871915633891216,0.5074248931426997,0.5558164047483256,False,2.4966962532708923,0.0023136369732558184,0.9118882779044895,0.00036541447067327915,0.5107379452548966,0.032433778821859584,True,False,unstable
059_BL_Do,34,True,82.25,2.3177831736856924,5.3487326083144886e-05,8.656860340127404e-05,0.01458112531732443,0.1724931626292445,38.806675491483084,53.410108925640934,False,0.14010650662498345,0.0011673212327983633,0.2903863603130236,0.03485845564920688,0.4443865101150846,0.27494512289464873,False,2.309421122576114,-0.0021301875299561813,0.9142388998759909,0.0003680720585694111,0.4787746384101662,0.0304388782978394,True,False,unstable
076_VI_Tu,36,True,224.91666666666666,4.9522530639300495,0.0001430252448486539,7.163384846033249e-05,0.42081693790890273,0.01915579046917454,38.12563048253985,17.52966547104802,False,0.23434305811334644,0.0013917501836846044,0.3317544638398374,0.02772481447536318,0.3757823338137541,0.20786302278858468,False,4.557582522047657,-0.023342233007925754,0.5167910294137915,0.012466104776367296,0.4832857190089867,0.17925690896987748,True,False,unstable
091_BL_Pa,35,True,203.25,3.499145045348624,-5.993910577253252e-07,6.002073071974524e-05,0.07917644008119686,0.09044483148756434,3411.880341277376,3404.630112794416,False,0.09847754663801717,2.271486547013554e-05,0.9733111953050781,3.443482830357034e-05,0.4027806858718938,0.00784245193296134,True,3.3840631418306457,-0.0060566973845185505,0.8338245121446136,0.0013532484783025536,0.49854376973534653,0.06085220707856884,True,True,stable
093_BL_To,36,True,178.0,2.414179836422567,3.0058679540020177e-05,8.413020936413407e-05,0.09755128911920369,0.07866045771218487,105.13935928767937,97.9603020759546,False,0.26164978757301793,-0.0003358126081262584,0.815564478694994,0.0016225950189888907,0.3356858472164185,0.04492050765047551,True,2.232227873023765,-0.0004389772130400802,0.9789491477757502,2.078080426047944e-05,0.4544998704867601,0.006882900550646084,True,True,stable
096_RO_Ba,34,True,65.41666666666666,0.9421642611485329,8.153147257238262e-08,6.129702249995907e-06,0.8186907930260863,0.0016665236679274194,18339.65694138125,2481.0072462542994,False,0.294438639117923,0.0028348375795313745,0.32932296365456176,0.029751632277236022,0.5558541319817888,0.31772202318551207,False,0.9834333350673319,-0.006964898182558475,0.21743997552409014,0.04713542105943228,0.3248471110845516,0.233713493155785,False,False,unstable
101_RO_Po,33,True,70.0,0.9681898776955705,-1.9286608447240746e-05,-1.6954314259666894e-05,0.5176994230237421,0.013624695093640704,72.82269961560033,28.130298688516138,False,0.33102121989690725,9.544335180739926e-06,0.9976766993225842,2.7795450963683523e-07,0.5288211191409562,0.000922656033588411,True,0.9523877792420643,-0.012142415475924598,0.02146780236198066,0.15913675569470515,0.30903796153124274,0.4079822354911058,False,False,unstable
104_VR_Vi,32,True,72.5,0.9982195115823869,1.7695856418957669e-06,2.46956659536209e-05,0.5282490731188413,0.013390687711304512,1131.3293426696962,432.6242406341482,False,0.30564271500080625,0.0003636586945780394,0.8847039821263353,0.0007124407229107752,0.4181642440104204,0.03688430634405758,True,0.9975034390385179,0.0026973966313409837,0.6110435677769238,0.008728388414814516,0.2715218056705599,0.08382857872868105,True,True,stable
105_VI_Lo,32,True,62.166666666666664,0.9450721772036077,1.13564215813998e-05,-1.0530216564296534e-05,0.7752072983552489,0.0027601951770578168,165.56450550927616,28.744680809300828,False,0.2830732226239644,0.0028513599128345934,0.2363947141266842,0.04640312161089816,0.4386528828672775,0.3122589854261591,False,0.9668129073187028,-0.010681386254993881,0.027527944249837195,0.15176321011974842,0.26603774884791903,0.3424891945465702,False,False,unstable
112_RO_Ro,31,True,75.33333333333333,0.9541543487179038,-5.317800662683051e-06,1.505267732072846e-05,0.6416039584290937,0.007571709958074639,295.767143105261,84.91862487263914,False,0.3570708419885802,0.004936492505978391,0.2106759527625717,0.05347860318696472,0.5435497243019862,0.4147490014995066,False,0.9692283538029633,-0.013264167946482292,0.08973520180833702,0.0960590382117768,0.4014671340332642,0.41055860245228015,False,False,unstable
114_RO_Vi,31,True,62.83333333333333,1.0144777176979662,4.482997146958326e-06,-2.4545979724050378e-05,0.463958851954182,0.018639188656925515,364.6394222130896,164.26050866910282,False,0.2706594450023787,-0.001475255581114209,0.5463946619863147,0.012682159211445707,0.44006080808619114,0.16351791245650898,True,1.0087069137127767,0.0015429918609659798,0.8050252668029676,0.0021354274052844168,0.30096877788764903,0.04589019387068475,True,True,stable
115_RO_Ad,31,True,63.0,0.976218227984117,-2.5967720912709686e-07,-2.6159447277221443e-05,0.4103968693680397,0.023492390632668905,5975.8038646178275,3022.1497718443884,False,0.2824489553667321,0.0011934128151480786,0.6567646916880416,0.006903956719055919,0.462345789816926,0.12675700785636293,True,0.995972036509618,-0.006945539267353297,0.32024047472086925,0.03406460135351406,0.3435361019693105,0.209208863685388,False,False,unstable
116_RO_Fr,31,True,60.5,0.8730464468740888,-1.09956884692596e-07,-6.255645895843255e-06,0.82639471871824,0.001686196502649013,12596.81790368738,1706.7542191647276,False,0.2770189243665776,0.004074598294026532,0.06159408390625409,0.11534130088182706,0.393775009628173,0.44126208741984413,False,0.8795714228892552,-0.004977403901997664,0.35187559260883555,0.02994630970335224,0.29732082577700525,0.16976690371480013,True,False,unstable
117_VR_So,31,True,63.75,1.0217464303815678,-1.5783515009168102e-07,3.814140257437221e-05,0.32828472867721764,0.03296912923179601,12100.53037992669,7249.602364026741,False,0.2807941539460967,0.005584433301279494,0.038441798981676455,0.13955675199543563,0.48403953270089145,0.5966399110664735,False,1.0773193827193548,-0.0060566351691842425,0.4695259466808586,0.018183420144403495,0.3790655934503356,0.16865848511597833,True,False,unstable
118_VR_Ba,31,True,72.58333333333333,1.034754885754834,2.125805770898659e-05,2.1249484527231325e-05,0.6217293814648808,0.008504122382377029,98.55423245140545,29.987901272252678,False,0.31197224637069354,0.005234224291794769,0.044634833653291316,0.13188942226808442,0.4200457536617198,0.5033355709701812,False,1.0452331549101488,-0.01598998454983383,0.0036987275921268347,0.255825548916033,0.27499710552523904,0.45894022232412945,False,False,unstable
120_VR_Do,31,True,76.66666666666666,1.230659631164045,2.6580873029614695e-05,3.148565397698142e-05,0.5468797987482147,0.012651710125366488,95.74896188018504,35.53568832209025,False,0.32956820507203544,0.004092885992573922,0.024721466619846293,0.16212363396675958,0.2804312378374432,0.37256803868680094,False,1.1944473052803881,-0.011248955158797069,0.05384279056193129,0.12225226139781181,0.24489614734414739,0.2825312203159048,False,False,unstable
123_VR_Ar,31,True,62.916666666666664,0.9126291074084018,5.936346632297489e-06,2.5153758953530476e-06,0.9472982900313679,0.00015326979862815922,311.1863669401504,12.711736954515802,False,0.30827529264433096,2.238216945103732e-05,0.9940492410857591,1.9514641282258298e-06,0.47255067459043065,0.0021781346074523544,True,0.9472710241513383,-0.002259127092935654,0.7009689263381846,0.005160047180796875,0.30185945786143886,0.07154638013844908,True,True,stable
125_VR_Sa,31,True,61.83333333333333,0.9546966789823812,1.9963195938389518e-05,3.8277678456203e-05,0.37755241902636943,0.02694627368923226,106.2016771715234,57.52237052774872,False,0.31521364970533944,0.0039096990902461656,0.17333736991612755,0.06296145335301329,0.4494342427729821,0.3720999164123385,False,0.9772080492239328,-0.005144181946231827,0.30866426674589975,0.03570381047735263,0.2533011806707313,0.15792487434944394,True,False,unstable
126_VR_Il,31,True,102.91666666666666,1.1120416844080587,-3.1035532689312453e-07,9.695208443887335e-06,0.8184687360727948,0.001846323279726913,6610.119136579387,937.1717773569285,False,0.3418976299580707,0.00023618886744487667,0.9378508083390853,0.00021326151990281526,0.430102826310483,0.020724525128224095,True,1.0905737205326953,-0.0024970966002255722,0.6711522270634924,0.0063038330140574505,0.26220633363124174,0.06869127377301522,True,True,stable
127_VR_Bu,31,True,70.41666666666666,0.8922648546430192,1.2039000232608643e-05,-2.1723638984202717e-05,0.5758276708497438,0.010921514954656467,156.98780768948183,54.13316362939113,False,0.3022282976656509,-0.004622630730358404,0.15442784479299695,0.0686667641000057,0.5306962260621267,0.4588548556898197,False,0.9192307570437471,0.009497365227418104,0.09496140276422409,0.09317177207129268,0.30775252683846915,0.3099558567196457,False,False,unstable
128_VR_Gr,31,True,71.08333333333333,0.8963529357511393,-7.330436863280658e-07,3.6600245342370005e-05,0.3950387435242564,0.025057487184351183,2867.8114453225626,1497.8743842283075,False,0.39892480808324515,0.005870744609799005,0.05868301919813876,0.11782865535045219,0.38980005450987726,0.4414925688382309,False,0.880561943656455,-0.0026690363395255228,0.44429586038935054,0.020318975722370052,0.19333428744360354,0.09093180867353591,True,False,unstable
129_VR_Ca,31,True,74.5,1.0291453907700012,2.030787860027332e-05,1.667155518972751e-05,0.6776543906581549,0.0060430760033823635,96.01691338440921,24.628207876183282,False,0.29510694620397177,-0.0018992157911126642,0.3282478457033383,0.03297407348248511,0.32223580339235686,0.1930705951394278,True,1.024625184239402,0.0019870625470865505,0.7372811360748012,0.00394003414442316,0.28090646326522645,0.058179202824150275,True,True,stable
134_VI_Ma,30,True,80.0,1.6287605655523787,-2.885179258648982e-05,9.617377468839666e-05,0.16349473473372386,0.06815100063755494,112.40835524316739,96.66780521878223,False,0.3239724821138236,0.007222605096041293,0.0399493087326337,0.14220909802637902,0.5204426829392335,0.6465226503762376,False,1.6217254543153221,-0.018303225164457936,0.1003839400041182,0.09346932902826674,0.32498744065583274,0.3273017195092226,False,False,unstable
135_VI_Ri,31,True,223.16666666666666,5.300352916500574,5.485073928378254e-05,5.6505855763944755e-05,0.625448132547604,0.008324617291555505,102.65829471900766,30.905247496263872,False,0.2245867062075169,0.0011153406609777322,0.45610852084964043,0.01929651967433101,0.32504928053736015,0.14898575429667196,True,4.7240308167214256,-0.06604849510124286,0.15333512692687587,0.06901934760630843,0.4838714441952359,0.4194415595308195,False,False,unstable
137_VI_Va,31,True,222.33333333333331,4.557779968253642,4.188859528207739e-05,5.2033576125367256e-05,0.6164018219433287,0.008765409729519918,120.63323666663614,37.2656870742313,False,0.2348055119363973,0.0032450980569360666,0.03637689258489058,0.1423878158264029,0.3330031455124895,0.41461097273752406,False,4.005350417515859,-0.06444080258454041,0.08487255339518546,0.09890514567479025,0.46513197213015944,0.4826604107051409,False,False,unstable
139_VI_Lu,31,True,148.58333333333331,1.9929102860139236,3.725475475767295e-05,7.27121502465281e-05,0.2843109728037493,0.03941696762119999,89.38175684809086,58.55264708047961,False,0.34012637712551475,0.004946709659717864,0.025295537896241276,0.16095490698130038,0.32960152312302,0.43631220561518613,False,1.9045326307077541,-0.024186409003111406,0.09375664849340518,0.09382256773303901,0.37695935927631885,0.3809818001509907,False,False,unstable
140_VI_Pa,31,True,205.5,2.9683644264676134,3.7030733607044574e-05,2.710496340243953e-05,0.7236879714210811,0.004375187979809566,100.61282976635951,21.958757574235467,False,0.2600185133260974,2.7325276202679008e-05,0.9862540220821818,1.0413583877249867e-05,0.2960911269477288,0.003152691997174392,True,2.789308996215621,-0.023988511670222503,0.2938699078964648,0.0379143164679222,0.401578334127518,0.25800488618617134,False,False,unstable
144_VI_Ro,31,True,80.58333333333333,1.283796280524897,2.520351198053937e-05,1.0091511340669211e-05,0.8578222780246575,0.0011252842901436318,108.5248604412966,12.012029928759056,False,0.3827585423209061,-0.0004746279331135644,0.854068759904931,0.0011861311281254722,0.3273612447538734,0.037200575347235594,True,1.2468011611502747,-0.0025502216941413317,0.7526160540376088,0.0034791991340914477,0.3152871767051796,0.061362351277934636,True,True,stable
145_VI_Ba,31,True,86.91666666666666,1.219127238106049,4.5492512615232655e-07,-6.754902679434692e-06,0.8777234908802631,0.0008301084990695061,4685.726707572911,445.4515012107435,False,0.29063391161163055,0.001251515941089833,0.6576799323933551,0.00686481821993792,0.4725424089637155,0.12918478103431513,True,1.2777764594102365,-0.011451853734384352,0.28654582927187616,0.039060165140362896,0.4123054591784095,0.2688698868267617,False,False,unstable
147_VI_Br,31,True,82.0,1.4992837369575973,2.922594709367157e-05,4.383718599759977e-05,0.4858067752992886,0.016898170169190634,104.91061857587532,44.99821941485555,False,0.3397741447136517,0.0030148829180840497,0.14127417024837563,0.07310095298736631,0.29838969249800007,0.2661959096939122,False,1.4681281419696492,-0.016024583589105263,0.07610057893254923,0.10448901807368349,0.30701011079707574,0.32744928315875593,False,False,unstable
148_VI_Br,31,True,126.58333333333333,1.6681110672182835,2.680541851228854e-05,2.5613850679511845e-05,0.6126620668432647,0.00895175629598845,91.82551421136688,28.666425037650015,False,0.2709397345310572,0.0023281055118084862,0.28475577023065923,0.03934568189114503,0.39386431357860235,0.25778118324039556,False,1.6352912934730324,-0.008775723671847464,0.4680660565292583,0.018302118142496555,0.3606636313925889,0.1609937698599785,True,False,unstable
149_VI_Mo,31,True,85.91666666666666,1.2122244966293911,1.6607982590504603e-05,-1.4348903059191708e-05,0.7461250294709839,0.0036704171626530738,129.66098609821753,25.91928847648631,False,0.2805582251158181,-0.0012316905492676827,0.5092935224241123,0.015162528695867063,0.3241589364897718,0.13170427087916148,True,1.1949342545622197,-0.011449820079112365,0.11107174636120441,0.08520851560755328,0.29845466017693983,0.2874589970635789,False,False,unstable
159_VE_Po,31,True,85.0,1.2761377112266947,-1.7779084250012205e-06,3.656487971062774e-05,0.4777518073391162,0.017525326876922202,1412.4949722688023,616.9870033199709,False,0.3644231019788242,0.0037439923322116833,0.26568034533847035,0.042530338086644075,0.45294434890162927,0.30821254019421945,False,1.276467165916497,-0.012551157115030836,0.16788964929453376,0.06453269904293742,0.3519244303125744,0.2949819027899359,False,False,unstable
163_VE_No,31,True,98.91666666666666,1.2572995454733198,6.589435552328132e-07,4.287224022419922e-05,0.3405425777593946,0.031364469495645295,3340.213313500742,1951.8624873287624,False,0.3348407697419998,0.0005209082031290796,0.8510617797937126,0.0012360696989386958,0.40231534529886803,0.046670679039214465,True,1.2494948824875252,-0.002564574430793428,0.757518846605241,0.0033384725585280575,0.3229773998433964,0.061574668293666236,True,True,stable
165_VE_Fo,31,True,77.16666666666666,1.2901913464795383,1.3512230235681572e-07,4.977091606477163e-05,0.3502830729826113,0.030141944449491403,19289.820136342085,11050.192720963756,False,0.36143795667801015,0.0019357902174043096,0.5351072596178041,0.013404674354685574,0.4205925846564189,0.16067406715079652,True,1.3060374553960075,-0.0012991015830994908,0.8927880844443417,0.0006370624677363689,0.35831227233973456,0.029840681315810805,True,True,stable
166_VE_Lu,31,True,105.83333333333333,1.2651988932752611,2.4434689702344027e-06,5.813672275215011e-05,0.2100465526041064,0.05362235943954099,934.1916289962396,713.780982615544,False,0.3556361826223772,0.004835896658776539,0.13099784284942928,0.07688438142805117,0.4458792094299329,0.4079362754754968,False,1.263034947813437,0.0003850401870859976,0.9692953700393291,5.1977946363151134e-05,0.38445573779694464,0.00914559461127924,True,False,unstable
167_VE_Mi,31,True,59.416666666666664,1.0102638782272446,-1.1766143366461902e-06,-7.910034577440595e-06,0.8493136163653904,0.0012655917043527848,1718.1562231121713,201.6812390707548,False,0.370053083729936,0.0011167551977400855,0.6915262304888141,0.005508024853193779,0.36971002101992045,0.0905347297596167,True,1.0229185009933552,-0.006127987457373829,0.41620944559350775,0.022921615184701025,0.3597654375858107,0.17972069479893887,True,True,stable
168_VE_Ch,31,True,84.25,1.0204226291071796,-1.076021262781935e-06,2.972508994398539e-06,0.9314891850159499,0.00025926236157786206,1559.9037453806693,82.8750071363862,False,0.38385615550154073,0.0035239447804500876,0.30868787264174036,0.035700389501597866,0.4417629821092924,0.27541135370194236,False,0.9950209616454487,-0.01969605646163356,0.009241737889738224,0.21149617636943427,0.39134609407289134,0.5938384382092575,False,False,unstable
169_PD_Ag,31,True,62.166666666666664,0.9505536223650304,1.1301778644292472e-06,-2.8037790248734416e-06,0.936541057965364,0.000222363109129139,1512.6234524120723,74.4248966410977,False,0.31627582630343154,0.0028387981231572405,0.20968247735946546,0.05370573808023507,0.3521465019557137,0.2692711127818282,False,0.954546463250137,0.0006854358660462711,0.9123936162895415,0.00042455908293632764,0.3168588907266836,0.021542247311223468,True,False,unstable
170_PD_Te,31,True,127.33333333333333,1.2739944623175348,-3.4156382119077353e-06,3.571919626164056e-05,0.4697520361820998,0.018165089481087176,705.4662746148163,313.72640232020063,False,0.3252843387542243,-0.0003872988768437331,0.8945359956903072,0.0006163445999277283,0.43605020886976875,0.03571941505026148,True,1.2605537662887236,-0.006625751993046938,0.40425117981850284,0.024108577418819683,0.3077890904831267,0.1576866969955808,True,True,stable
175_PD_Co,31,True,78.16666666666666,1.0036499825499337,1.858197142296959e-06,2.6111247994261577e-06,0.9432850810625456,0.00017754016624744467,958.8545725666083,42.15577680092363,False,0.3679570196494095,0.004893119404288822,0.1507702355656688,0.06985772175347645,0.4574532582677138,0.3989421978374811,False,1.0235579398230679,-0.01369130173812885,0.048216397023091724,0.12792413626908264,0.3400331641202567,0.4012855903544315,False,False,unstable
179_PD_Ca,30,True,64.83333333333333,1.1177303508994034,-2.061842164083512e-07,4.4050096510612456e-05,0.4136943051002606,0.023999103803869715,12140.729607856232,6195.686658564325,False,0.3229012870869338,5.727357717875074e-05,0.9838520813368249,1.4893769277709823e-05,0.40460670292133943,0.0051437817209338136,True,1.125951236046883,-0.003474770156403446,0.6769900176213457,0.006289360365613445,0.34257377415120766,0.08949618003839029,True,True,stable
183_TV_Vo,31,True,81.25,1.3092844217347896,-1.0780450685570121e-06,5.008589833890728e-05,0.368286180193632,0.02799644904547662,2524.5983155019544,1393.7978976875727,False,0.3506694407696939,0.003914425982457522,0.08457211137638163,0.09908644277211355,0.32242466630006217,0.3348817028822621,False,1.311973575627745,-0.00931537222353445,0.31822544350918003,0.034344503690077785,0.3483467120759355,0.21300822813624018,False,False,unstable
184_TV_Ze,31,True,65.0,1.031471156232141,5.842012104321264e-07,2.7590972269746096e-05,0.5699635186985488,0.011258549283213938,4046.956615671456,1416.8563044916013,False,0.32618270898619095,0.00030643714125224016,0.8940974582046091,0.0006215098285243206,0.34262707560099975,0.028183941037648312,True,1.038981689036909,-0.002696771146841931,0.695960643650452,0.0053429910836797255,0.32285624223504933,0.07786771918978826,True,True,stable
185_TV_Va,31,True,82.75,1.318769935618094,-1.2987825472077207e-06,2.124075744317246e-05,0.7048109945579258,0.005022161391299081,2098.2316616163766,490.6308024119603,False,0.35576879355393837,-0.002088009301423532,0.47566340191254214,0.0176906971555597,0.40119666756809175,0.17607018990328901,True,1.3165990521844015,-0.0006410669671168729,0.9377076247708063,0.00021424720426705814,0.30245271847922095,0.014607339251534393,True,True,stable
186_TV_Ga,31,True,86.91666666666666,1.433916851397927,-5.07216458344676e-06,8.464603236214348e-05,0.14914882969297666,0.07039567388223808,571.8807743673622,500.6503493896255,False,0.33867569037020073,0.00281778089914802,0.2527139987984876,0.04485578374354646,0.3571734629698359,0.24959992517336727,False,1.4028207871424827,-0.013194581669686905,0.14311328914145946,0.07245491363674773,0.31770549354147315,0.2821725010911194,False,False,unstable
187_TV_Ro,31,True,81.75,1.1831951557398934,-1.7759984336896046e-06,6.21228616557186e-05,0.22471327759817689,0.050393857913763336,1416.7241075962647,1049.3735885790081,False,0.3139729179038438,0.0016148716357557644,0.5102827947234033,0.015092350568097624,0.38065591980886637,0.15430040716922558,True,1.1742712790868282,-0.00338525091163379,0.6316145317929376,0.00803211749153994,0.2924641320962262,0.08648557548643265,True,True,stable
188_TV_Vi,31,True,86.91666666666666,1.3136809917313916,-3.199138980171558e-06,3.81475286478549e-05,0.4512002427904743,0.019716413577329766,772.1195583905701,357.7293348394248,False,0.3232082966385676,0.0006575486789287588,0.8004922223132258,0.0022379264555974147,0.39100986720725994,0.061033273505111056,True,1.291267212861469,-0.0004202543848352754,0.9568764526687975,0.0001025741803580573,0.2921745037322367,0.00976376649192505,True,True,stable
189_TV_Va,31,True,126.91666666666666,1.9512997948703923,-4.7901922785963904e-06,9.238437347037266e-05,0.15861998991748938,0.06733870374064177,675.7381034026045,578.5845416884364,False,0.34224048497904386,0.0011606809973041606,0.6097370263594348,0.009099209209401025,0.32325472330750443,0.10174257999095855,True,1.8994656797803067,-0.012052797008901533,0.4747653511570933,0.017762164418348988,0.43288612057838605,0.19036085469513037,True,True,stable
190_VI_Br,31,True,200.33333333333331,3.3915747905960485,1.881273838939938e-05,0.00011199760605323997,0.2485593741749762,0.04563092813468488,253.39164174219925,178.59857039687827,False,0.2950392663802968,0.007517745829896923,0.0014842222988811847,0.29818257621626737,0.42425981735697876,0.7644147765952047,False,3.115340373912276,-0.07417648770393016,0.010281924853586982,0.2062230941328806,0.47671336260722114,0.7143022475978628,False,False,unstable
191_VI_Mo,31,True,221.33333333333331,4.565190345240788,5.189775663733319e-05,1.8877533186452135e-05,0.8443595480501759,0.0013512133176808454,89.97045395786438,10.912340576705613,False,0.20925204768769037,0.0035012300693693507,0.0327451318273207,0.14777518298681006,0.3957449605293962,0.5019635565901298,False,4.119863956411179,-0.07166498926463659,0.10990121722761884,0.08574531273443918,0.5401124442673859,0.5218496777286604,False,False,unstable
195_TV_Fa,31,True,177.75,1.828900165484631,-5.100612910655906e-06,7.626791519137788e-05,0.2827528207072434,0.039667762256686445,682.5993514812469,448.580885438552,False,0.4104580678036643,0.0010110770383215555,0.6644860670666042,0.006577888737030011,0.276145138953409,0.07389868424795007,True,1.7119677310548413,0.00029190912963611697,0.9807819986913638,2.0356552737694593e-05,0.34360952911666814,0.005115326492566336,True,True,stable
196_TV_Od,30,True,86.75,1.3404230885848936,-6.561847932740931e-05,6.236014766864851e-05,0.24447136221665375,0.048054267388034824,38.16505075282631,27.55998464041526,False,0.2902657978944314,0.003919069394383842,0.08036826110335595,0.10518880080008634,0.3664824541215997,0.39154806822423704,False,1.287401255843976,-0.003465738689298277,0.6729930853950788,0.0064550673994068246,0.29497305541047936,0.07806922785993516,True,False,unstable
197_TV_Ma,30,True,80.75,1.217384592938313,-4.358304863386754e-05,9.334597640365432e-05,0.08922346417395059,0.09967195500471646,59.723102418652445,62.112068810220684,False,0.3757831768078832,0.00526489653027521,0.07507851931573048,0.10878842260940748,0.3739486919047932,0.4063034451806734,False,1.1784670958783345,0.0027242210600783067,0.7157453289148187,0.004809597117228467,0.2934414006160058,0.06703828305311219,True,False,unstable
199_BL_Lo,31,True,81.08333333333333,2.6451160602614294,7.178052712352981e-06,0.00012176384678244383,0.06477961130014102,0.11275154432594958,459.3203427474605,508.9006099365745,False,0.2022719047058002,0.0032759487401496775,0.01624603007372722,0.1833766262838396,0.3438703711524703,0.48587302496327445,False,2.5456010340227477,-0.00431728944626477,0.8323232411754741,0.0015713809289164902,0.38899614872306815,0.05087941183904535,True,False,unstable
200_BL_La,31,True,149.33333333333331,2.614051726421297,2.9715091898767292e-05,7.697827641132217e-05,0.23103041403510127,0.04907693200731387,106.3206481226996,77.716343607723,False,0.1797691698181687,0.002823459359213181,0.05447949239694156,0.1216481038416974,0.40942925315778445,0.47118079736403545,False,2.399888385951367,-0.018798568029229655,0.3512883548581927,0.030018313462557313,0.41106054456101043,0.23499302891676982,False,False,unstable
203_BL_Pa,30,True,179.08333333333331,3.4182547785711006,-8.727702093691023e-07,9.124210864246517e-05,0.07035380341948234,0.11222821839869997,2747.2312406372894,3031.750078344464,False,0.10359173293972651,0.0015460585447509131,0.10405976237967779,0.09158135438609118,0.4341583493287487,0.43281154321323634,False,3.2949503514576164,-0.06388795959043601,0.0651089142036899,0.11633155494756896,0.5004632914304131,0.5623000745073523,False,False,unstable
216_BL_Ca,30,True,197.58333333333331,3.8927047054232475,-4.71691819990036e-05,0.00017898307160273762,0.0952274232548148,0.09624191087330759,107.67685063394634,110.04026053682752,False,0.31025016317180065,0.0007830594839706688,0.6798139644375606,0.006173794251048547,0.2827857432275379,0.07319488506626334,True,3.4220460638592365,-0.012754137277148806,0.7196068764709954,0.004674404143416141,0.47990243995992715,0.10808445419352185,True,True,stable
236_BL_Sa,30,True,106.75,2.1834247299714775,-7.15767428134509e-05,0.0001255527584742345,0.060045452580486415,0.12062184088081336,44.46232845760995,50.86889753061755,False,0.2723324276439135,0.004346834900225807,0.015425595765794229,0.19204473376684,0.32064423637705375,0.46288359119456385,False,2.0482101949364404,-0.0173260802609648,0.32934459999321064,0.03400005229362398,0.403865594626113,0.24531482599302817,False,False,unstable
237_BL_Co,30,True,176.91666666666666,3.1481767163645658,-3.3612105354776053e-05,8.607241543898963e-05,0.07678988149601464,0.10759637753073216,68.72587862031716,74.26193692374645,False,0.10653973786677659,0.0025597612827451908,0.01020635034280476,0.21323022549360637,0.4580515005361678,0.6967642185532298,False,2.963906878019443,-0.022615209468614762,0.47491923376799866,0.018389140831522117,0.49534318459968923,0.22127587052535116,False,False,unstable
246_BL_Co,30,True,130.25,2.4777122664321727,-1.0534172406748252e-05,0.00011152141230837348,0.01753640462742602,0.18540297509902362,216.44638689603138,307.01234345386587,False,0.14279264055681204,0.00208948910489204,0.12979896939228847,0.08004162470176622,0.4553309692206514,0.4243578927147896,False,2.3905514411403628,0.012824387873779377,0.6334370000490664,0.008234573817883284,0.5204378079605957,0.15557383202019334,True,False,unstable
247_BL_Ca,30,True,83.75,2.111300544334619,-2.2228498297854443e-06,5.039099094643256e-05,0.17606882674039326,0.06437997379219439,786.5353178411922,657.4167619715439,False,0.11864385426329184,-0.001204427604077463,0.2353514240786339,0.0499073049378196,0.40004076212769524,0.29439704850395443,False,2.144044122638126,0.02923814463601291,0.2001380539735774,0.05792540103782561,0.4988068607223367,0.39547049684829877,False,False,unstable
