station_id,tau_1,tau_2,tau_3,tau_4,tau_5,tau_6,tau_7,tau_8,tau_9,tau_10,tau_11,tau_12,tau_13,tau_14,tau_15,tau_16,tau_17
003_BL_Ar,0.04478360640069645,0.03546377140668529,0.058108249713492835,0.04192278144765849,0.129113543518719,0.07534845714560141,0.12061278197873662,0.10967742028876434,0.16840012811896965,,,,,,,,
009_BL_Ca,0.03616962270350901,0.04465061099642114,0.06181838655210053,0.06874533970398515,0.07020490279056295,0.06471198815479778,0.08298970723290713,0.10300897508450853,0.09421802090746662,,,,,,,,
011_BL_Ma,0.0657861572932229,0.045445520902638877,0.04229173681166873,0.04726933715510145,0.08281832297420513,0.10240275076227306,0.07142154337022479,0.15735587053732183,0.16162341413644696,,,,,,,,
015_BL_Ga,0.061713863112071325,0.05135747656754885,0.06580961266323421,0.05605106604638545,0.06861205519046386,0.1384267508741822,0.1057541603341771,0.06592881384394608,0.11340716209169026,,,,,,,,
019_BL_Ag,0.04287048742401383,0.04399878406755391,0.06197422487248565,0.042840533661243775,0.08039517539692796,0.05983247071676865,0.09408420127537558,0.09614548060215845,0.0906918742304268,,,,,,,,
022_BL_Sa,-0.009307197350653237,0.05790751469959127,0.09720760653799379,0.08899932936220614,0.10207654783342052,0.11315138524974303,0.1049463808215031,0.07948097265060132,0.17598819479605893,,,,,,,,
025_BL_So,0.03772315367650656,0.04265285305798635,0.08431047671989003,0.04201091141967616,0.05652506587322648,0.09654317360668734,0.10687585680249109,-0.031373644141836174,0.14955774948992323,,,,,,,,
048_BL_Po,0.05352898740335596,0.027863220809650768,0.10619384731792263,0.08296587100020691,0.09900672109242552,0.11605278336854853,0.2001873916011258,0.11948528161519206,0.1809477071534586,,,,,,,,
056_BL_Fo,0.03133984298606251,0.05841441458255358,0.09570496796170862,0.08653959427335788,0.09175257303980237,0.13533497152612717,0.11019067147646681,0.04936176118655244,0.14631451752222843,,,,,,,,
058_BL_Sa,0.04071527276037348,0.010811264675894773,0.03425042943708356,0.042255756820402994,0.12957149606762297,0.11349356819031403,0.08784641492829542,0.1972244219975426,0.1281966177499017,,,,,,,,
059_BL_Do,0.02377673409509144,0.04176368256836047,0.04587939813799392,0.035534891374933854,0.09280524122438394,0.06802815702484391,0.13554575414069053,0.2464668721647024,0.11919260966270945,0.10913700039017857,,,,,,,
076_VI_Tu,0.035646681256476576,0.03923461855897593,0.047224329895471956,0.06436765942379255,0.08019283134806193,0.0950111970423187,0.1354604645454704,0.18902896849063597,-0.03422876195722012,,,,,,,,
091_BL_Pa,0.0486666336641959,0.04246961949600786,0.049560231043933596,0.06696547392743031,0.040933544615941064,0.026704595413433743,0.12690735103635598,0.11061953184488843,0.08096630106226224,0.13810550389268497,,,,,,,
093_BL_To,0.0503003745555526,0.04591750839189673,0.05853209568051252,0.07667077708919319,0.014808773668761205,0.04691457347000989,0.09717736464334248,0.11822562151972836,,,,,,,,,
096_RO_Ba,0.031042710798332145,0.044698059200339146,-0.013262182575763785,0.10206991964707003,0.047403755300259365,0.051746574472634144,0.08824158349220977,0.06907782276419805,,,,,,,,,
101_RO_Po,0.07912837162394404,0.05126955389335416,0.07087199364661305,0.0853456723973405,0.06843099457449013,0.08708858314001584,0.060050568430116955,0.09499349157997689,,,,,,,,,
104_VR_Vi,0.010486291433174554,0.04825788868324559,0.07430539215884971,0.0771507478712098,0.04880625759258102,0.0845037698955251,0.05940753960082847,0.15312785037614485,,,,,,,,,
105_VI_Lo,0.061502739643584305,0.02946167703152288,0.06556558477243653,0.07068955179329682,0.040894316449662585,0.06537284634357701,0.013625884967171934,0.06733441794045536,0.1378733208634509,0.16095033887623053,0.14548787395120644,0.18685106086737158,0.19521313663468565,0.49999878914236223,-0.2093970326896612,0.49999981736372767,
112_RO_Ro,0.034159221893104656,0.02542098638518309,0.08431547471040514,0.06462810930273609,0.11590155683493578,0.1439613230605125,0.04577179313295249,0.19161409012281785,,,,,,,,,
114_RO_Vi,0.019868712471786756,0.016787347999491036,0.08116944504659954,0.047833623525482344,0.07595093472337443,0.0910324180699415,0.0507484759194244,0.1055638742947395,,,,,,,,,
115_RO_Ad,0.020550325094331145,0.015363290603052032,0.06319716409456314,0.03237961279564588,0.0785540111651856,0.09330007448042744,0.11271806968940118,0.13868138881592465,0.31775082472374827,,,,,,,,
116_RO_Fr,0.04192611066405285,0.05091871555054313,0.019468567264087244,0.06368821586431206,0.09312229234855869,0.02452621005100115,0.11903290098748037,,,,,,,,,,
117_VR_So,0.021505083054139684,0.07228612958042283,0.01673556685597436,0.027628034941868142,0.0717867011483235,0.019210937952244378,,,,,,,,,,,
118_VR_Ba,0.04516563887562013,0.03507785750004988,0.059455658506534136,0.06737047488855359,0.09292363256502545,0.0757072190227522,,,,,,,,,,,
120_VR_Do,0.00695931591869263,0.033919243287344074,0.025779879776643377,0.05635000619507327,0.06755267928373523,0.08930728058284891,0.046119912149368926,,,,,,,,,,
123_VR_Ar,0.029092262659103273,0.051284992289744646,0.06810706970303583,7.901462870916918e-05,0.047493967751188325,0.10371425723492579,0.17919433156966097,,,,,,,,,,
125_VR_Sa,0.023007130524942413,0.02126891282514987,0.0019129858377564695,0.03166976464884358,0.05725116439064718,,,,,,,,,,,,
126_VR_Il,0.008530512198202844,-0.005150729409461384,0.0023646400359218956,0.08148529652994597,0.09033186561393876,0.08279095617142852,,,,,,,,,,,
127_VR_Bu,0.010831930207448158,0.04626723988017424,0.04961845655619924,0.09377666002936812,0.054394559372735865,,,,,,,,,,,,
128_VR_Gr,0.0456712569741941,0.0260926408038351,0.04451400507853496,0.08617135733585302,0.0657566961707468,,,,,,,,,,,,
129_VR_Ca,0.051465172263352656,0.03607498211346868,0.05783040710581919,0.01734420390823228,0.038308732521184316,0.06442766044047328,0.09992721267364929,0.028998200407564526,,,,,,,,,
134_VI_Ma,0.013123417126436419,0.07674524580378946,0.04208791097355399,0.043379155655419104,0.05376737331536481,0.1609686759216858,0.03204623569250193,0.11060562034869639,,,,,,,,,
135_VI_Ri,0.028630380401668962,0.0603325125598731,0.0610769307009372,0.06731851372082419,0.08671616522730688,0.0672345048995202,0.11291353604614864,0.1374599321338973,0.052841094602560285,,,,,,,,
137_VI_Va,0.05115323701156148,0.06029875059379573,0.05354882845244931,0.05493837988135406,0.03585375203014379,-0.003155240888381602,0.08660856106915572,0.13723380694318346,0.135766847877304,,,,,,,,
139_VI_Lu,0.03807942184996926,0.046004267813137316,0.04107295904534333,0.05683456403866916,0.08144824800093668,0.07250687512376146,0.08843553508158151,0.0714154619508514,0.041181286461670574,,,,,,,,
140_VI_Pa,0.07345239032320365,0.012044826963388976,0.04144144706559916,0.05103666682134966,0.061712003116897965,0.05295944710543861,0.11586203451117631,0.18078933019922672,0.049601102606791646,,,,,,,,
144_VI_Ro,0.05117573598546795,0.03083780315084483,0.045400937441892976,0.05546097471091842,0.08656148207878168,0.06906472572836751,0.11166295318305736,0.08017058081014057,,,,,,,,,
145_VI_Ba,0.027668862049570662,0.008340189173579095,0.049182133834059664,0.031681854050557824,0.07150155408401669,0.10932629054534643,-0.005772207967444561,-0.14761964636371663,0.07065303481660919,,,,,,,,
147_VI_Br,0.04215353291842767,0.028150919162052816,0.08049126473262504,0.05939822915088976,0.11382846066996438,0.056558861062934784,0.13155629596464485,0.07227499353620691,,,,,,,,,
148_VI_Br,0.035322152996537404,0.06407904840018584,0.04901192798752829,0.055467611238670715,0.032818399829163666,0.03812019782311972,0.1027735235215342,0.09862758345021187,0.13331980912322905,,,,,,,,
149_VI_Mo,0.022483477740781105,0.03316404744739711,0.02937864747895275,0.038362952830765705,0.05670190055125047,0.034559975783844725,0.11869165454244507,,,,,,,,,,
159_VE_Po,0.03353802494171781,0.036661331427110574,0.01537936983583888,0.08116716987117073,0.0900766018193821,0.10156803429555956,0.18539731806286633,0.1398544542775293,,,,,,,,,
163_VE_No,0.03865627759273213,0.021031407463839892,0.029249039080788557,0.06516318745291186,0.08472165658071108,0.10021937525869391,0.19288404095432132,0.16806037802575294,,,,,,,,,
165_VE_Fo,0.044953241127791664,0.021659397678748603,0.014158932935184604,0.048934760751688476,0.05737759844986702,0.14193852405960308,0.08110767915337072,,,,,,,,,,
166_VE_Lu,0.048439784366865586,-0.006454232167301225,0.07301702476346261,0.08268053176802208,0.030990296950062994,0.09899158702331569,0.10018062813960171,0.15768163980799507,,,,,,,,,
167_VE_Mi,0.04135439316855475,0.04068983226613941,0.04611994193908783,0.06287085912285861,0.09736587918195534,0.0601745186521751,0.09354364775917826,0.14454967195017326,,,,,,,,,
168_VE_Ch,0.030939623429961937,0.03448640599555751,0.04274560841383329,0.09027425303106909,0.03928309047326762,0.017056286587710225,0.18423829797849917,0.07103198124627694,0.2362056924112306,0.2972577724444003,0.026609361163412594,0.49999997541728514,0.18590575603761098,0.42154815891759,-0.49999840691479236,0.2552160840292221,0.4999993991077874
169_PD_Ag,0.025601755487047642,0.03375470574962646,0.04120171589864805,0.07506228674756639,0.08768430313756911,0.12526637735099314,0.1133837320974815,0.08967994017019232,,,,,,,,,
170_PD_Te,0.03455471202270162,0.059918875158345,0.07025057913841977,0.0471812026610549,0.08276067659474427,0.051096761613894696,0.08715294031179244,,,,,,,,,,
175_PD_Co,0.048101780327894327,0.005629050708162649,0.06915040992205553,0.06876299408144552,0.0464888505179699,0.06525564015600882,0.15669677123050021,0.08640572001346807,0.16977280151937874,0.20048600325506197,0.22385439714319727,0.04278155633909001,0.3940285020724135,0.2382825217518799,-0.07249924313082846,0.49999919309927876,0.4999999532407063
179_PD_Ca,0.07822731908652303,0.020575784394499242,0.04567639402686881,0.03793487613384469,0.012339394764224989,0.060803822932360356,0.0695991109646084,0.128763031546301,0.19210886964949664,,,,,,,,
183_TV_Vo,0.030170574904333128,0.04886703587151117,0.022061202776573134,0.03846056725925593,0.026780686006526905,0.11310629020945466,0.0848153824007164,0.2151361155603422,,,,,,,,,
184_TV_Ze,0.036601159746284445,0.018748234685340908,0.029577646162787106,0.02003377916988998,0.05195544019843919,0.014023806290665903,0.10304702852334088,0.0811506773065796,,,,,,,,,
185_TV_Va,0.03367448289197036,0.04477919272970904,0.03934487455620902,0.08616569691564081,0.06688194897307233,0.050063113341465945,0.11318066248184476,0.11333544338331461,,,,,,,,,
186_TV_Ga,0.030181622491352273,0.0636602279772994,0.054933212698352475,0.11733703867501627,0.05110003529222061,0.09365389316842543,0.11066313902153975,0.10675681469789558,,,,,,,,,
187_TV_Ro,0.029867533606048973,0.03723229074789846,0.005712320169329653,0.07293908131968,0.03211681091352781,0.07880446027874237,0.13061732031639692,,,,,,,,,,
188_TV_Vi,0.04700746398752669,-0.0003075006554480799,0.02925422483009801,0.047011699958797434,0.021428484777293675,0.07976948104320668,0.05380596760535166,0.13252035714203045,0.10914658784358533,,,,,,,,
189_TV_Va,0.033848452493894836,0.04095933878518324,0.03729400956907457,0.07295732448778647,0.039502568975262754,-0.0005657397430951704,0.07140077838414359,0.0680071095717993,0.11850133673022523,,,,,,,,
190_VI_Br,0.021090485908608764,0.04176618163813866,0.03866628767202819,0.053923652292602105,0.07815432658507443,0.09263481096924277,0.11142925483838902,0.11586394009018926,0.10314662888659175,,,,,,,,
191_VI_Mo,0.0430646907710335,0.036606766423653486,0.045062651786339385,0.1213305246750302,0.09633454251420523,0.12486006437272336,0.140953316101841,0.0498843297196064,0.08368126821065518,,,,,,,,
195_TV_Fa,0.053230896822325256,0.05722201373628585,0.04091406279099486,0.10662630980597824,0.059894192576816316,0.052491084672493186,0.06477263648934063,0.10907908083565448,0.17743907418292013,,,,,,,,
196_TV_Od,0.03859066473479031,0.036250913315843104,0.02950377468184569,0.08204936759451317,0.06649667986044173,0.09859512399699014,0.10104476248758688,0.14790513650002324,,,,,,,,,
197_TV_Ma,0.028331873525111833,0.034121068650493455,0.028177173435142058,0.09198213658113881,0.12205702695087386,0.08160446524117516,0.10740922351789571,0.13147354891517662,0.1924181163005436,,,,,,,,
199_BL_Lo,0.009416738266908205,0.04159908567035414,0.020376310047605484,0.09234924958451299,-0.0018586961185130526,0.09652942875685001,0.1607618121967825,-0.11976380234029588,0.09436541312318787,,,,,,,,
200_BL_La,0.023642757212537526,0.054149107821064274,-0.011458513827326136,0.08835636498251737,0.08812339705950557,0.06955244109641502,0.0962525297719399,-0.10877082862633274,0.13492269213054386,,,,,,,,
203_BL_Pa,0.03524761485355055,0.08255706587546724,0.07680087545887161,0.06280855351274124,0.10656452337518355,-0.03164915131157471,0.074496205607024,0.1272011170453681,0.053923292104054936,,,,,,,,
216_BL_Ca,0.04635852179474289,0.04412543585190578,0.03813351489629852,0.10039109449515506,0.054508872192841264,0.12438444429932087,0.07612112775294051,0.09455768301962725,-0.05032256130981666,,,,,,,,
236_BL_Sa,0.03154013707697723,0.03787251054914744,0.08293598320527713,0.04285002994840219,0.09801713653261016,0.09806686869050833,0.1328031878205676,0.08328409918789315,0.12654404943674213,0.3676351024913612,,,,,,,
237_BL_Co,0.06030687359422929,0.04386901203471412,0.0724464126073213,0.11573483671376025,0.12278205124965387,0.04920016853754484,0.08792934362870504,0.02791987829218843,0.1767902333663708,,,,,,,,
246_BL_Co,-0.0007960652546974154,0.04685944785259543,0.06290663754143463,0.019736156464038132,0.10116755736921103,0.1015617027371691,0.1086231370425348,0.12433454322914063,0.15403104543426097,,,,,,,,
247_BL_Ca,0.02966323060702908,0.022778032297108078,0.07018295771834267,0.08785941112751994,0.08439454153011859,0.0932788044663982,0.10707825033557425,0.2004034235230855,0.10858295650406825,0.3234515172855185,,,,,,,
