station_id,A,B,c,breakpoint,min_K,max_K,Elv,Lat,Lon,distance_to_coast,int_scale
003_BL_Ar,11.521804032791362,0.0065773514729354,0.8151365300015162,0.0096103985767023,5.7220458984375e-06,6.0,1642,46.49998395,11.87607301,113.6647,2.9112983813980593
009_BL_Ca,11.24483412986735,0.00632623318361,0.801948007437228,0.0090416802772999,5.7220458984375e-06,6.0,1007,46.44043805,11.99004162,104.2038,3.136509938533665
011_BL_Ma,14.609241771875912,0.0043763331787961,0.8004143537760887,0.0137721570724239,5.7220458984375e-06,6.0,1475,46.42867129,11.90478762,105.53089999999999,3.23914253178919
015_BL_Ga,14.687434441573098,0.0059667199856049,0.8585393802557244,0.0100543415681894,5.7220458984375e-06,6.0,1365,46.3131289,11.88273666,94.8058,4.1623547150777735
019_BL_Ag,18.98798469040093,0.003926500952912,0.8427397807683271,0.0130439302636944,5.7220458984375e-06,6.0,585,46.27804651,12.03319083,86.2206,5.006361214025775
022_BL_Sa,10.993301965865138,0.0083302425024732,0.8489890548215656,0.0102813038639413,5.7220458984375e-06,6.0,544,46.04834616,12.15448034,59.0755,3.098425357219929
025_BL_So,8.855168535881337,0.0079172446965113,0.7822446397744893,0.0134499537356954,5.7220458984375e-06,6.0,426,46.14063559,12.07539462,70.95639999999999,2.571331898458406
048_BL_Po,11.313524800025608,0.0081651712432544,0.8527098786066014,0.0045230121366645,5.7220458984375e-06,6.0,1316,46.59362172,12.11232905,117.6492,3.5800244684493316
056_BL_Fo,13.1180561581272,0.0082994108660307,0.8978020068388838,0.0070353306989766,5.7220458984375e-06,6.0,872,46.34666725,12.1845653,89.7095,4.3196171968808255
058_BL_Sa,10.3813753861005,0.0062925731758678,0.7814219195976015,0.0169188021994783,5.7220458984375e-06,6.0,902,46.55719592,12.55254488,98.02669999999999,2.5366679250551507
059_BL_Do,6.660248748370671,0.0154895322889154,0.8371224045286061,2.730865002456124e-05,5.7220458984375e-06,6.0,822,46.46094955,12.41035969,94.6068,2.317783173685693
076_VI_Tu,16.507839408000354,0.0057706449923771,0.8823705925466804,0.0105919508177217,5.7220458984375e-06,6.0,714,45.70401092,11.18480016,82.7204,4.952253063930049
091_BL_Pa,17.780078360915702,0.0021527196769267,0.7356282365449088,0.0182860732531023,5.7220458984375e-06,6.0,1621,46.65215334,12.42397152,111.9813,3.499145045348624
093_BL_To,13.57167260071183,0.0020827018400143,0.6806314909853123,0.0350542987777272,5.7220458984375e-06,6.0,593,46.15155195,12.36301566,65.2115,2.414179836422567
096_RO_Ba,2.476021245341596,0.0660204619870375,0.8525499656587395,0.0020467067727612,5.7220458984375e-06,6.0,6,44.98944662,11.52950565,57.6021,0.942164261148533
101_RO_Po,2.711785454541473,0.0544116304865524,0.8341172565051068,0.0041637427501829,5.7220458984375e-06,6.0,-3,44.9173386,12.36910037,4.560899999999999,0.9681898776955704
104_VR_Vi,3.510735166207911,0.0248950692669556,0.7389161940488542,0.064219193198582,5.7220458984375e-06,6.0,67,45.3724202,10.83262812,102.63980000000001,0.9982195115823871
105_VI_Lo,3.64657344588424,0.0205953599618389,0.7136586013258708,0.0650173680649737,5.7220458984375e-06,6.0,29,45.39045584,11.37964132,59.773300000000006,0.9450721772036077
112_RO_Ro,2.6085470350626263,0.0627508784843571,0.860270537400181,0.0336833476999086,5.7220458984375e-06,6.0,-2,45.07114136,12.26177816,2.5791,0.9541543487179039
114_RO_Vi,3.743586880213913,0.02330517467455,0.7457830689046778,0.0608331660809209,5.7220458984375e-06,6.0,0,45.07144877,11.92220596,27.0152,1.0144777176979662
115_RO_Ad,3.252863850606101,0.0349755850201268,0.7883948608228,0.032374744166035,5.7220458984375e-06,6.0,-1,45.01567605,12.0076803,23.5165,0.976218227984117
116_RO_Fr,3.301658312318562,0.0254632425305823,0.7239628328722623,0.0733716337285785,5.7220458984375e-06,6.0,4,44.99058314,11.6786399,47.88,0.873046446874089
117_VR_So,3.321537129909158,0.0361397468637035,0.8040560236080587,0.0336002265344108,5.7220458984375e-06,6.0,24,45.21753966,11.00830055,89.7255,1.0217464303815675
118_VR_Ba,4.1634856955542325,0.0148820742032205,0.6939208054896651,0.0636879913679479,5.7220458984375e-06,6.0,160,45.51796066,10.7659099,108.6995,1.0347548857548339
120_VR_Do,4.844622748407871,0.0132926554010724,0.7157348835498569,0.0163234274976012,5.7220458984375e-06,6.0,105,45.59957097,10.84874997,103.89280000000001,1.230659631164045
123_VR_Ar,2.9315380855032926,0.0394924069622082,0.7797736668829917,0.0313236270893228,5.7220458984375e-06,6.0,27,45.37550277,11.29582046,66.3564,0.9126291074084016
125_VR_Sa,3.587427778050689,0.021083590268117,0.7131451663313128,0.0336657016087781,5.7220458984375e-06,6.0,127,45.50931262,10.88807026,99.10839999999999,0.9546966789823812
126_VR_Il,3.601932564208401,0.0273949743799354,0.7675086003155321,0.0326997727452794,5.7220458984375e-06,6.0,144,45.46030398,11.17156147,76.46010000000001,1.112041684408059
127_VR_Bu,3.043833074468047,0.0335486990094632,0.7551621455252173,0.0318628616222016,5.7220458984375e-06,6.0,39,45.35084342,11.01059728,88.6592,0.8922648546430193
128_VR_Gr,2.996288786901785,0.0340380319848502,0.7529155719277507,0.0341835633383943,5.7220458984375e-06,6.0,156,45.50976063,11.0135023,89.40610000000001,0.8963529357511393
129_VR_Ca,3.660387789389501,0.0212992552317548,0.7211270236907756,0.0169336179607742,5.7220458984375e-06,6.0,120,45.45487236,10.77166288,107.5925,1.0291453907700014
134_VI_Ma,5.48510367207305,0.0167955046886128,0.7955576074004471,0.0162049626339362,5.7220458984375e-06,6.0,98,45.66931288,11.46439144,61.615199999999994,1.6287605655523787
135_VI_Ri,14.70690647197918,0.0075744359380693,0.909870839086246,0.0038092192621445,5.7220458984375e-06,6.0,1130,45.71889138,11.18131677,83.6742,5.300352916500574
137_VI_Va,14.574606718316236,0.0061409028012349,0.8622957031320462,0.0045076718741623,5.7220458984375e-06,6.0,602,45.75778254,11.21365428,83.4436,4.557779968253641
139_VI_Lu,5.715852254215819,0.016619683708484,0.805808176131662,0.008238955658539,5.7220458984375e-06,6.0,767,45.78414598,11.58812049,61.8567,1.9929102860139232
140_VI_Pa,8.30325013994846,0.0118082841818081,0.8433893070006583,0.0083714305862585,5.7220458984375e-06,6.0,807,45.6198264,11.25910319,73.7736,2.968364426467613
144_VI_Ro,3.690238861837489,0.0308974995817954,0.8035268798845857,0.0079974389189471,5.7220458984375e-06,6.0,88,45.71658505,11.77625641,45.945800000000006,1.2837962805248968
145_VI_Ba,3.824949079950994,0.0239775953044598,0.7584813956778567,0.0161191141674468,5.7220458984375e-06,6.0,16,45.39775173,11.57053751,44.8363,1.2191272381060496
147_VI_Br,5.278977076946512,0.0146875336265977,0.7575142975340149,0.0088210424869136,5.7220458984375e-06,6.0,196,45.72042777,11.57629665,57.737300000000005,1.4992837369575973
148_VI_Br,4.718424456354872,0.0218236190012322,0.8055084801383445,0.0042600363751106,5.7220458984375e-06,6.0,80,45.472092,11.46922467,53.566900000000004,1.6681110672182835
149_VI_Mo,4.17024238378877,0.018752238765556,0.7358083806174767,0.0170329994138622,5.7220458984375e-06,6.0,22,45.44957583,11.66198536,38.2854,1.2122244966293907
159_VE_Po,3.711144376082366,0.0331590448888103,0.8230647853992495,0.0165553444364793,5.7220458984375e-06,6.0,2,45.74548888,12.76128681,15.069700000000001,1.2761377112266947
163_VE_No,3.21437464382751,0.0436843145637695,0.841610671389634,0.0085030895609472,5.7220458984375e-06,6.0,1,45.66841156,12.58851069,10.319700000000001,1.2572995454733196
165_VE_Fo,3.9591250407208296,0.0287913430684752,0.8111753956678146,0.0161411553459303,5.7220458984375e-06,6.0,3,45.77566742,12.89394125,13.0557,1.2901913464795383
166_VE_Lu,3.616888858458376,0.0332884229018281,0.8146669086796278,0.0174577574587745,5.7220458984375e-06,6.0,0,45.70491156,12.94668823,5.873399999999999,1.2651988932752611
167_VE_Mi,2.909295105764676,0.0480709696398265,0.828072058893293,0.0171188901659869,5.7220458984375e-06,6.0,3,45.43934709,12.1169216,5.9963,1.0102638782272446
168_VE_Ch,2.7844939516375886,0.0585638139063549,0.8678660888863974,0.0180509186248349,5.7220458984375e-06,6.0,0,45.14632401,12.27596996,2.9438,1.0204226291071794
169_PD_Ag,2.9942058232782403,0.0444842593388116,0.818360020463778,0.0631838106690687,5.7220458984375e-06,6.0,1,45.15926189,11.95775646,19.0356,0.9505536223650304
170_PD_Te,3.5459159666929443,0.0309169797702766,0.789659508264552,0.015670510634244,5.7220458984375e-06,6.0,155,45.34272761,11.67713457,36.4199,1.2739944623175348
175_PD_Co,2.893568125952693,0.0469827351600656,0.8195550797516057,0.0304884651894031,5.7220458984375e-06,6.0,0,45.24367259,12.09970856,4.6669,1.0036499825499337
179_PD_Ca,4.150230047196954,0.0203059708417995,0.7499160191426014,0.0590429433579306,5.7220458984375e-06,6.0,16,45.49551578,11.91336346,21.654400000000003,1.1177303508994032
183_TV_Vo,3.760104961573591,0.0299201306076453,0.8023943507827807,0.009040035192046,5.7220458984375e-06,6.0,122,45.78502414,12.11304779,36.0425,1.3092844217347896
184_TV_Ze,3.2255642901771657,0.0340405433399049,0.7789197176857694,0.0164209464284491,5.7220458984375e-06,6.0,12,45.59066694,12.1748348,14.694,1.0314711562321406
185_TV_Va,3.269534724511828,0.0438880060747445,0.8497676564409334,0.0040491581793617,5.7220458984375e-06,6.0,40,45.81168647,12.34189762,29.220299999999998,1.3187699356180937
186_TV_Ga,4.152951385656187,0.0231725654791011,0.7775698170777859,0.0078831695217948,5.7220458984375e-06,6.0,17,45.89217558,12.49348723,35.0215,1.4339168513979268
187_TV_Ro,3.118997214141292,0.0442609202233535,0.8332093621495907,0.0081343426580494,5.7220458984375e-06,6.0,7,45.64140487,12.39588815,10.2451,1.1831951557398932
188_TV_Vi,3.804896213232449,0.0272180116034844,0.7844134686389619,0.0088389255987064,5.7220458984375e-06,6.0,41,45.74894328,12.23496228,27.3815,1.3136809917313912
189_TV_Va,5.288884584818505,0.0193292415641647,0.8147966304927358,0.0081288768699059,5.7220458984375e-06,6.0,225,45.88205751,12.0070972,49.569300000000005,1.9512997948703923
190_VI_Br,10.388130480041928,0.0088440781474734,0.8457952701289444,0.007383204218814,5.7220458984375e-06,6.0,331,45.80132477,11.34330714,77.5676,3.3915747905960485
191_VI_Mo,12.69731590015289,0.0083759716920988,0.8905017481137651,0.0047739593379238,5.7220458984375e-06,6.0,623,45.83331375,11.25603835,85.1496,4.565190345240787
195_TV_Fa,4.526033123491852,0.0216528296074247,0.7903721864090366,0.0043082233684501,5.7220458984375e-06,6.0,169,45.9021246,12.10445916,47.001599999999996,1.8289001654846309
196_TV_Od,4.150597358638865,0.0226749791005256,0.772723191161864,0.0089741487033277,5.7220458984375e-06,6.0,7,45.76569434,12.52427035,20.782700000000002,1.3404230885848938
197_TV_Ma,3.116179163722677,0.0424806829519845,0.8216781166116348,0.000119023939556,5.7220458984375e-06,6.0,100,45.77892133,11.94236996,41.8915,1.2173845929383127
199_BL_Lo,9.261497021046342,0.0094857765283016,0.828504090059549,0.0079910790162222,5.7220458984375e-06,6.0,435,46.26152058,12.30351169,78.17280000000001,2.6451160602614294
200_BL_La,8.223972810679518,0.0096363434930477,0.7993216464906537,0.0040575418528675,5.7220458984375e-06,6.0,650,46.04985912,11.74647606,75.4411,2.614051726421297
203_BL_Pa,12.842197466843936,0.0051660436389092,0.7985191442696129,0.0097176739113806,5.7220458984375e-06,6.0,2042,46.33914263,11.80160227,100.4307,3.4182547785711015
216_BL_Ca,11.686656260247489,0.0097933305689164,0.9021152424643788,0.0091717446100036,5.7220458984375e-06,6.0,1022,46.07747932,12.41476528,56.3299,3.892704705423247
236_BL_Sa,6.697203089362294,0.0137790422357072,0.8133854308843588,0.004369127698553,5.7220458984375e-06,6.0,828,46.18043287,12.39682227,67.8353,2.1834247299714775
237_BL_Co,9.98230520189294,0.0083502799220788,0.8234082681843126,0.004116376823958,5.7220458984375e-06,6.0,1271,46.53668964,12.12739699,111.241,3.1481767163645653
246_BL_Co,7.585794605474362,0.0117915408826786,0.8170392949086163,0.0072996557813161,5.7220458984375e-06,6.0,1232,46.57877599,12.57556615,99.3964,2.4777122664321736
247_BL_Ca,8.16124036976817,0.0086294499227366,0.7768309534419803,0.0089503121284817,5.7220458984375e-06,6.0,1342,46.59389393,12.51561664,102.94969999999999,2.111300544334619
