station_id,A,B,c,breakpoint,Elv,Lat,Lon,distance_to_coast,min_K,max_K,gamma_acf,gamma_stable,gamma_spectrum
003_BL_Ar,11.521804108151931,0.0065773512938517,0.81513652660484,0.0096103985767023,1642,46.49998395,11.87607301,113.6647,5.7220458984375e-06,6.0,2.9112983813980597,True,2.880451027037983
009_BL_Ca,11.244834129017033,0.0063262331817,0.8019480073644011,0.0090416802772999,1007,46.44043805,11.99004162,104.2038,5.7220458984375e-06,6.0,3.136509938533665,True,2.811208532254258
011_BL_Ma,14.609158363914204,0.0043764397127898,0.8004171438605764,0.0137721570724239,1475,46.42867129,11.90478762,105.5309,5.7220458984375e-06,6.0,3.23914253178919,False,3.652289590978551
015_BL_Ga,14.687434461458052,0.0059667199530575,0.8585393795203387,0.0100543415681894,1365,46.3131289,11.88273666,94.8058,5.7220458984375e-06,6.0,4.162354715077775,False,3.671858615364513
019_BL_Ag,18.98773496756065,0.0039267164488122,0.8427465998149793,0.0130439302636943,585,46.27804651,12.03319083,86.2206,5.7220458984375e-06,6.0,5.006361214025775,True,4.746933741890163
022_BL_Sa,10.993308095063536,0.0083302209583781,0.8489886740304725,0.0102813038639414,544,46.04834616,12.15448034,59.0755,5.7220458984375e-06,6.0,3.098425357219929,True,2.748327023765884
025_BL_So,8.855168575441533,0.0079172445274713,0.7822446370864213,0.0134499537356954,426,46.14063559,12.07539462,70.95639999999999,5.7220458984375e-06,6.0,2.571331898458406,False,2.2137921438603834
048_BL_Po,11.31352486202121,0.0081651709550056,0.8527098727954001,0.0045230121366645,1316,46.59362172,12.11232905,117.6492,5.7220458984375e-06,6.0,3.580024468449332,False,2.8283812155053023
056_BL_Fo,13.118059948313846,0.0082994008434454,0.8978018159380133,0.0070353306989766,872,46.34666725,12.1845653,89.7095,5.7220458984375e-06,6.0,4.3196171968808255,True,3.2795149870784615
058_BL_Sa,10.381311127392346,0.0062927532868423,0.781425342179796,0.0169188021994783,902,46.55719592,12.55254488,98.0267,5.7220458984375e-06,6.0,2.5366679250551503,True,2.5953277818480864
059_BL_Do,6.660250599910036,0.0154895071521606,0.8371221257053432,2.730865002456129e-05,822,46.46094955,12.41035969,94.6068,5.7220458984375e-06,6.0,2.3177831736856924,True,1.665062649977509
076_VI_Tu,16.50783914494411,0.0057706453449916,0.8823706010310494,0.0105919508177217,714,45.70401092,11.18480016,82.7204,5.7220458984375e-06,6.0,4.9522530639300495,True,4.126959786236028
091_BL_Pa,17.780337649195143,0.0021525910591444,0.7356231034793865,0.0182860732531024,1621,46.65215334,12.42397152,111.9813,5.7220458984375e-06,6.0,3.499145045348624,True,4.445084412298786
093_BL_To,13.571876098445005,0.0020825647767796,0.6806264786372359,0.0350542987777271,593,46.15155195,12.36301566,65.2115,5.7220458984375e-06,6.0,2.414179836422567,True,3.392969024611251
096_RO_Ba,2.476021223056977,0.066020463592857,0.8525499692135912,0.0020467067727611,6,44.98944662,11.52950565,57.6021,5.7220458984375e-06,6.0,0.9421642611485328,False,0.6190053057642443
101_RO_Po,2.711785056014433,0.0544116587667232,0.8341173451367485,0.000120007678862,-3,44.9173386,12.36910037,4.560899999999999,5.7220458984375e-06,6.0,0.9681898776955704,False,0.6779462640036082
104_VR_Vi,3.510712338100234,0.0248959639317878,0.738921446993672,0.0642191931985819,67,45.3724202,10.83262812,102.6398,5.7220458984375e-06,6.0,0.9982195115823868,True,0.8776780845250585
105_VI_Lo,3.646550177346749,0.0205960953403258,0.7136633551935053,0.0650173680649737,29,45.39045584,11.37964132,59.773300000000006,5.7220458984375e-06,6.0,0.9450721772036076,False,0.9116375443366872
112_RO_Ro,2.6085488466243447,0.0627506533656346,0.8602697201145818,0.0336833476999087,-2,45.07114136,12.26177816,2.5791,5.7220458984375e-06,6.0,0.9541543487179038,False,0.6521372116560862
114_RO_Vi,3.7435677998203714,0.0233058428427567,0.745787306275343,0.0608331660809209,0,45.07144877,11.92220596,27.0152,5.7220458984375e-06,6.0,1.0144777176979662,True,0.9358919499550928
115_RO_Ad,3.252868549017917,0.0349753028734895,0.7883934374745155,0.0323747441660349,-1,45.01567605,12.0076803,23.5165,5.7220458984375e-06,6.0,0.976218227984117,False,0.8132171372544793
116_RO_Fr,3.301629038858822,0.0254645561935872,0.7239702813333688,0.0733716337285784,4,44.99058314,11.6786399,47.88,5.7220458984375e-06,6.0,0.8730464468740888,True,0.8254072597147055
117_VR_So,3.321539667386822,0.0361395999505976,0.8040552885219208,0.0336002265344108,24,45.21753966,11.00830055,89.7255,5.7220458984375e-06,6.0,1.0217464303815678,True,0.8303849168467055
118_VR_Ba,4.163453832946588,0.014882678519029,0.6939255465356048,0.0636879913679478,160,45.51796066,10.7659099,108.6995,5.7220458984375e-06,6.0,1.034754885754834,False,1.040863458236647
120_VR_Do,4.844622666794417,0.0132926565539351,0.7157348939244202,0.016323427497601,105,45.59957097,10.84874997,103.8928,5.7220458984375e-06,6.0,1.230659631164045,False,1.2111556666986043
123_VR_Ar,2.931538643290944,0.0394923665729937,0.7797734882600635,0.0313236270893229,27,45.37550277,11.29582046,66.3564,5.7220458984375e-06,6.0,0.9126291074084018,True,0.732884660822736
125_VR_Sa,3.587427722002315,0.0210835920046712,0.7131451770603869,0.0336657016087781,127,45.50931262,10.88807026,99.1084,5.7220458984375e-06,6.0,0.9546966789823812,True,0.8968569305005788
126_VR_Il,3.6019325729433427,0.0273949739945719,0.7675085980420168,0.0326997727452794,144,45.46030398,11.17156147,76.46010000000001,5.7220458984375e-06,6.0,1.1120416844080587,True,0.9004831432358357
127_VR_Bu,3.0438362682296125,0.0335485085625339,0.7551612383377283,0.0318628616222017,39,45.35084342,11.01059728,88.6592,5.7220458984375e-06,6.0,0.8922648546430192,False,0.7609590670574031
128_VR_Gr,2.996301490702617,0.0340372480380768,0.7529118947045759,0.0341835633383942,156,45.50976063,11.0135023,89.40610000000001,5.7220458984375e-06,6.0,0.8963529357511393,True,0.7490753726756543
129_VR_Ca,3.6603766057671305,0.0212995883068054,0.7211290795393074,0.0169336179607743,120,45.45487236,10.77166288,107.5925,5.7220458984375e-06,6.0,1.0291453907700012,True,0.9150941514417826
134_VI_Ma,5.485105149938869,0.0167954831518167,0.795557419076239,0.0162049626339362,98,45.66931288,11.46439144,61.6152,5.7220458984375e-06,6.0,1.6287605655523787,False,1.3712762874847173
135_VI_Ri,14.70690660047898,0.0075744356510924,0.9098708329126168,0.0038092192621445,1130,45.71889138,11.18131677,83.6742,5.7220458984375e-06,6.0,5.300352916500574,False,3.676726650119745
137_VI_Va,14.574606790656334,0.0061409026756576,0.8622957003090082,0.0045076718741622,602,45.75778254,11.21365428,83.4436,5.7220458984375e-06,6.0,4.557779968253642,False,3.6436516976640836
139_VI_Lu,5.715853899012061,0.0166196690591848,0.8058080748572184,0.008238955658539,767,45.78414598,11.58812049,61.8567,5.7220458984375e-06,6.0,1.992910286013924,False,1.4289634747530153
140_VI_Pa,8.30325014006518,0.0118082841438976,0.8433893063099589,0.0083714305862585,807,45.6198264,11.25910319,73.7736,5.7220458984375e-06,6.0,2.968364426467613,False,2.075812535016295
144_VI_Ro,3.690239756708756,0.0308974714224626,0.8035267454677097,0.0079974389189471,88,45.71658505,11.77625641,45.945800000000006,5.7220458984375e-06,6.0,1.283796280524897,True,0.922559939177189
145_VI_Ba,3.8249459409716007,0.023977688914794,0.7584819533126173,0.0161191141674467,16,45.39775173,11.57053751,44.8363,5.7220458984375e-06,6.0,1.219127238106049,False,0.9562364852429002
147_VI_Br,5.278977305326355,0.0146875308056714,0.7575142732631729,0.0088210424869136,196,45.72042777,11.57629665,57.737300000000005,5.7220458984375e-06,6.0,1.499283736957597,False,1.3197443263315887
148_VI_Br,4.718424566527661,0.0218236156356894,0.805508452909282,0.0001126041520702,80,45.472092,11.46922467,53.5669,5.7220458984375e-06,6.0,1.6681110672182835,True,1.1796061416319152
149_VI_Mo,4.170246665432131,0.0187521427275244,0.7358077053513717,0.0170329994138621,22,45.44957583,11.66198536,38.2854,5.7220458984375e-06,6.0,1.2122244966293911,False,1.0425616663580328
159_VE_Po,3.711146008393624,0.0331589891566437,0.8230645187102542,0.0165553444364793,2,45.74548888,12.76128681,15.0697,5.7220458984375e-06,6.0,1.2761377112266947,False,0.927786502098406
163_VE_No,3.214375884372902,0.0436842680594692,0.8416105280660368,0.0085030895609472,1,45.66841156,12.58851069,10.3197,5.7220458984375e-06,6.0,1.2572995454733198,True,0.8035939710932255
165_VE_Fo,3.959130984771809,0.0287911464226419,0.8111742710366331,0.0161411553459302,3,45.77566742,12.89394125,13.0557,5.7220458984375e-06,6.0,1.2901913464795385,True,0.9897827461929523
166_VE_Lu,3.616889895383745,0.0332883776125045,0.814666671975306,0.0174577574587746,0,45.70491156,12.94668823,5.873399999999999,5.7220458984375e-06,6.0,1.2651988932752611,True,0.9042224738459362
167_VE_Mi,2.909297986344934,0.0480707486404717,0.8280711791663258,0.0171188901659869,3,45.43934709,12.1169216,5.9963,5.7220458984375e-06,6.0,1.0102638782272446,True,0.7273244965862335
168_VE_Ch,2.7844939468798717,0.0585638145099938,0.86786609136807,0.0180509186248349,0,45.14632401,12.27596996,2.9438,5.7220458984375e-06,6.0,1.0204226291071796,False,0.6961234867199679
169_PD_Ag,2.9942058014392394,0.0444842609249994,0.8183600272223811,0.0631838106690687,1,45.15926189,11.95775646,19.0356,5.7220458984375e-06,6.0,0.9505536223650304,True,0.7485514503598099
170_PD_Te,3.545916771857868,0.0309169464766585,0.7896593342948693,0.0156705106342438,155,45.34272761,11.67713457,36.4199,5.7220458984375e-06,6.0,1.2739944623175348,True,0.886479192964467
175_PD_Co,2.893568154294493,0.0469827331020295,0.8195550717313481,0.0304884651894031,0,45.24367259,12.09970856,4.6669,5.7220458984375e-06,6.0,1.0036499825499337,False,0.7233920385736232
179_PD_Ca,4.150208937297134,0.0203065401863225,0.7499200677862468,0.0590429433579304,16,45.49551578,11.91336346,21.654400000000003,5.7220458984375e-06,6.0,1.1177303508994034,True,1.0375522343242836
183_TV_Vo,3.760106296732184,0.0299200906603614,0.802394155534243,0.009040035192046,122,45.78502414,12.11304779,36.0425,5.7220458984375e-06,6.0,1.3092844217347896,False,0.940026574183046
184_TV_Ze,3.2255655105696266,0.0340404803460947,0.7789194167256845,0.016420946428449,12,45.59066694,12.1748348,14.694,5.7220458984375e-06,6.0,1.031471156232141,True,0.8063913776424066
185_TV_Va,3.269536192273104,0.0438878579379082,0.8497668777767523,0.0040491581793617,40,45.81168647,12.34189762,29.2203,5.7220458984375e-06,6.0,1.318769935618094,True,0.817384048068276
186_TV_Ga,4.152951444245064,0.0231725645744462,0.7775698131752646,0.0078831695217948,17,45.89217558,12.49348723,35.0215,5.7220458984375e-06,6.0,1.433916851397927,False,1.038237861061266
187_TV_Ro,3.1189980172635106,0.044260878947056,0.8332092072242117,0.0081343426580494,7,45.64140487,12.39588815,10.2451,5.7220458984375e-06,6.0,1.1831951557398934,True,0.7797495043158776
188_TV_Vi,3.804896535814181,0.0272180033509505,0.7844134284640981,0.0088389255987064,41,45.74894328,12.23496228,27.3815,5.7220458984375e-06,6.0,1.3136809917313916,True,0.9512241339535452
189_TV_Va,5.288884577129952,0.0193292419192901,0.8147966341517973,0.0081288768699059,225,45.88205751,12.0070972,49.569300000000005,5.7220458984375e-06,6.0,1.9512997948703923,True,1.322221144282488
190_VI_Br,10.388130139929492,0.0088440791765212,0.845795285176302,0.007383204218814,331,45.80132477,11.34330714,77.5676,5.7220458984375e-06,6.0,3.3915747905960485,False,2.597032534982373
191_VI_Mo,12.697315974195496,0.0083759714689777,0.8905017438137238,0.0047739593379238,623,45.83331375,11.25603835,85.1496,5.7220458984375e-06,6.0,4.565190345240788,False,3.174328993548874
195_TV_Fa,4.526033313547346,0.0216528228505038,0.7903721315448906,0.0043082233684501,169,45.9021246,12.10445916,47.0016,5.7220458984375e-06,6.0,1.828900165484631,True,1.1315083283868366
196_TV_Od,4.150598033729386,0.0226749636213604,0.772723097269322,0.0089741487033277,7,45.76569434,12.52427035,20.7827,5.7220458984375e-06,6.0,1.3404230885848936,True,1.0376495084323465
197_TV_Ma,3.116179832363821,0.0424806582279022,0.8216780445205057,0.000119023939556,100,45.77892133,11.94236996,41.8915,5.7220458984375e-06,6.0,1.217384592938313,True,0.7790449580909552
199_BL_Lo,9.261496884048984,0.0094857770875467,0.8285040979233801,0.0079910790162222,435,46.26152058,12.30351169,78.17280000000001,5.7220458984375e-06,6.0,2.645116060261429,True,2.315374221012246
200_BL_La,8.223975008698764,0.0096363289146051,0.799321428432541,0.0040575418528675,650,46.04985912,11.74647606,75.4411,5.7220458984375e-06,6.0,2.614051726421297,False,2.055993752174691
203_BL_Pa,12.842182885705991,0.0051660688715168,0.798519717256035,0.0097176739113806,2042,46.33914263,11.80160227,100.4307,5.7220458984375e-06,6.0,3.4182547785711006,False,3.210545721426498
216_BL_Ca,11.68665616697893,0.0097933308653685,0.9021152471986948,0.0091717446100035,1022,46.07747932,12.41476528,56.3299,5.7220458984375e-06,6.0,3.892704705423248,True,2.9216640417447324
236_BL_Sa,6.697204067058815,0.0137790312166329,0.813385305892727,0.004369127698553,828,46.18043287,12.39682227,67.8353,5.7220458984375e-06,6.0,2.183424729971477,False,1.6743010167647037
237_BL_Co,9.982305747578629,0.0083502774780832,0.8234082253752659,0.004116376823958,1271,46.53668964,12.12739699,111.241,5.7220458984375e-06,6.0,3.1481767163645658,False,2.495576436894657
246_BL_Co,7.585796613072409,0.0117915226714521,0.8170390528305471,0.0072996557813161,1232,46.57877599,12.57556615,99.3964,5.7220458984375e-06,6.0,2.4777122664321727,True,1.8964491532681023
247_BL_Ca,8.161259417671422,0.0086293618870491,0.776829720279714,0.0089503121284817,1342,46.59389393,12.51561664,102.9497,5.7220458984375e-06,6.0,2.111300544334619,False,2.0403148544178555
